id,category_id,category_name,block_number,block_text,question_code,question_number,question_text,check_box,max_select,option_select,option_code,option_text,response_message,companion_advice,tone_tag,next_question_id,version
1,1,成功与人生目标,1,人生目标,1_1,1,您认为衡量孩子人生成功的最重要标准是？(请最多选择三项),TRUE,3,A,1_1_A, 学业/职业成就,,,,,
2,1,成功与人生目标,1,人生目标,1_1,1,您认为衡量孩子人生成功的最重要标准是？(请最多选择三项),TRUE,3,B,1_1_B, 经济收入水平,,,,,
3,1,成功与人生目标,1,人生目标,1_1,1,您认为衡量孩子人生成功的最重要标准是？(请最多选择三项),TRUE,3,C,1_1_C, 社会地位与人脉,,,,,
4,1,成功与人生目标,1,人生目标,1_1,1,您认为衡量孩子人生成功的最重要标准是？(请最多选择三项),TRUE,3,D,1_1_D, 家庭幸福与健康,,,,,
5,1,成功与人生目标,1,人生目标,1_1,1,您认为衡量孩子人生成功的最重要标准是？(请最多选择三项),TRUE,3,E,1_1_E, 自我实现与兴趣发展,,,,,
6,1,成功与人生目标,1,人生目标,1_1,1,您认为衡量孩子人生成功的最重要标准是？(请最多选择三项),TRUE,3,F,1_1_F, 对社会/族群的贡献,,,,,
7,1,成功与人生目标,1,人生目标,1_1,1,您认为衡量孩子人生成功的最重要标准是？(请最多选择三项),TRUE,3,OTHER,1_1_OTHER,其他,,,,,
8,1,成功与人生目标,2,学业成功,1_2,2,您认为孩子的学业成功“公式”是什么？(请最多选择两项),TRUE,2,A,1_2_A,上藤校,希望孩子进入顶尖大学是许多家长心中的理想。,"名校确实提供资源，但成功也取决于孩子的兴趣、心理健康、性格和社会技能。
探讨""藤校光环""与真实教育需求的平衡
分享成功人士的多元教育路径案例
提醒关注心理健康成本（如""斯坦福鸭子综合症""）
 同时留出时间培养兴趣爱好，让学业与心理健康并行。",,,
9,1,成功与人生目标,2,学业成功,1_2,2,您认为孩子的学业成功“公式”是什么？(请最多选择两项),TRUE,2,B,1_2_B,进入科技行业,看重科技行业的前景和稳定性是现实而务实的想法。,科技行业前景好，但竞争激烈。帮助孩子培养跨领域能力可以让他们在变化中保持竞争力。鼓励他们在学习技术的同时，发展沟通与团队合作能力——这是职场晋升的隐形门票。多与行业朋友分享趋势，帮孩子看到职业发展的多种路径。,,,
10,1,成功与人生目标,2,学业成功,1_2,2,您认为孩子的学业成功“公式”是什么？(请最多选择两项),TRUE,2,C,1_2_C,读医学院或法学院,重视稳定与社会地位是很多父母的共识。,"医学之路漫长且压力大，建议在鼓励孩子的同时关注他们的心理和身体健康。关注孩子是否对医疗行业真有兴趣，而不仅是为了稳定和声望。 鼓励他们参与志愿或影子医生项目，感受真实的工作节奏与挑战。
法学院毕业不见得能找到高薪工作。入门职位面临更大的 AI 挑战。",,,
11,1,成功与人生目标,2,学业成功,1_2,2,您认为孩子的学业成功“公式”是什么？(请最多选择两项),TRUE,2,D,1_2_D,让孩子找到热爱的领域并全力投入,您拒绝被单一成功标准束缚，这种豁达的人生态度能给孩子宝贵的成长空间。您认可兴趣驱动的力量，这有助于孩子形成内在动力。,"鼓励孩子探索不同领域，帮助他们将热情与职业前景结合。陪孩子一起探索资源与人脉，减少他们在非传统道路上的孤立感。在鼓励自由的同时，也帮助他们建立基本的财务与生活规划能力。
分享""激情发展曲线""理论（兴趣需要持续培养）
建议""试错期""的资源支持方式
讨论如何辨别短暂兴趣与长期热情",,,
12,1,成功与人生目标,2,学业成功,1_2,2,您认为孩子的学业成功“公式”是什么？(请最多选择两项),TRUE,2,E,1_2_E,不追求特定公式，顺其自然,您尊重孩子的独立选择，这为他们提供了自由发展的空间。,"在给予自由的同时，提供必要的资源与指导，帮助他们在关键时刻做出明智决策。帮助他们建立基本的财务与生活规划能力。
探讨""积极不干预""与必要引导的平衡
分享""意外机遇理论""（Serendipity）的案例
建议建立基础能力底线（如情绪管理、学习能力）",,,
13,1,成功与人生目标,2,学业成功,1_2,2,您认为孩子的学业成功“公式”是什么？(请最多选择两项),TRUE,2,OTHER,1_2_OTHER,其他,,,,,
14,1,成功与人生目标,3,忧虑,1_3,3,您最担心孩子未来的哪方面？（可任选多项）,TRUE,10,A,2_3_A,A  学业成绩,"作为父母，您希望孩子学业优秀，未来有更多机会，这种担心是很自然的。
教育竞争激烈，您希望孩子不落后，这种压力我们都能理解。只有好的成绩才能上好大学，找好工作。","在关注成绩的同时，留意孩子的学习兴趣和成就感来源。讨论如何平衡学业与心理健康（如设定合理目标、避免过度比较）。
分享“成长型思维”教育方式（努力比成绩更重要）。",,,
15,1,成功与人生目标,3,忧虑,1_3,3,您最担心孩子未来的哪方面？（可任选多项）,TRUE,10,B,2_3_B,B  朋友和社交圈的影响,"您关心孩子的交友情况，担心他们受不良影响，这是父母很常见的顾虑。
青春期的朋友确实会对孩子的价值观产生很大影响，您的担忧是合理的。","鼓励开放沟通（如可以和孩子聊聊他们的朋友，不带批判地倾听）。
帮助孩子培养辨别力，而非直接禁止社交。",,,
16,1,成功与人生目标,3,忧虑,1_3,3,您最担心孩子未来的哪方面？（可任选多项）,TRUE,10,C,2_3_C,C  校园安全,"校园暴力、枪击等新闻让家长不安，您希望孩子在一个安全的环境学习，这种担忧完全可以理解。
安全是基本需求，您的焦虑反映了对孩子深深的爱。","与学校沟通安全措施（如反霸凌政策、紧急演练）。
教孩子基本的自我保护意识（如遇到危险如何反应）。",,,
17,1,成功与人生目标,3,忧虑,1_3,3,您最担心孩子未来的哪方面？（可任选多项）,TRUE,10,D,2_3_D,D  种族歧视,"作为亚裔家长，您可能担心孩子遭遇不公平对待，这种顾虑非常真实。
种族歧视确实存在，您想保护孩子免受伤害的心情让人感同身受。反移民政策会影响孩子们在美国的将来。","帮助孩子建立文化自信（如了解亚裔历史、榜样故事）。
鼓励孩子表达遭遇，并知道如何寻求支持（如向学校报告歧视事件）。
与孩子分享您的经验和应对方式，让他们感到被理解和支持。同时在华人社区为他们找朋友和知己。推荐支持团体（如 UCA）或心理咨询，帮助应对歧视带来的心理影响。",,,
18,1,成功与人生目标,3,忧虑,1_3,3,您最担心孩子未来的哪方面？（可任选多项）,TRUE,10,E,2_3_E,E  心理健康,"您意识到心理健康的重要性，担心孩子情绪压力大，这种关注非常明智。
现在青少年抑郁高发，您的警觉体现了对孩子的全面关心。
我们认为咬紧牙关是对付痛苦的最有效的办法。而美国则主张认识情绪，表达情绪，沟通情绪。我们却缺乏与情绪有关的技巧。","学习识别抑郁/焦虑的早期信号（如情绪低落、睡眠变化）。
减少对心理问题的污名化（如“心理和身体生病一样需要治疗”）。
鼓励孩子表达情绪，推荐支持团体（如 UCA），并在必要时寻求专业帮助。",,,
19,1,成功与人生目标,3,忧虑,1_3,3,您最担心孩子未来的哪方面？（可任选多项）,TRUE,10,F,2_3_F,F  就业前景,"您希望孩子未来有稳定的职业，在经济不确定的时代，这种担忧很常见。
就业市场竞争激烈，父母难免会为孩子的前途焦虑。
由于AI的发展，第一份工作越来越难找。即便有了工作，稳定性也很难预测。当家长的难免操心。","鼓励孩子探索兴趣与技能，而非盲目追求“热门专业”。
了解新兴行业趋势，保持开放心态（如远程工作、AI相关领域）。帮助孩子了解不同职业的路径和未来趋势。参加义工和 summer internship 获取经验。 
一起探索不同的职业路径和可能性。可参考aptitude test result。  用纪录片、访谈等展示多元职业（如电竞解说、AI伦理师、海洋塑料回收创业者）。
工具推荐：BBC《未来职业》（The Future of Work）、LinkedIn新兴职业报告。",,,
20,1,成功与人生目标,3,忧虑,1_3,3,您最担心孩子未来的哪方面？（可任选多项）,TRUE,10,OTHER,2_3_OTHER,其他,,,,,
21,2,心理健康趋势,1,亚裔趋势,2_1,1,"发病率与治疗缺口： 美国亚裔青少年重度抑郁未治疗率高达78%（2023年数据），居所有族裔之首。
自杀已成为15-24岁亚裔青少年的首要死因，远超交通事故等其他因素37。
性别差异： 亚裔女孩抑郁症状报告率是男孩的2.5倍，且更易伴随进食障碍（如神经性厌食症）

您是否知道当前青少年，特别是亚裔青少年中抑郁的高发趋势？",FALSE,1,A,2_1_A,A  非常了解,您的非常了解证明了您对孩子的心理健康的关注，这对给与他们及时的支持很重要。,可以更多地关注孩子的情绪变化，并主动与他们交流，帮助他们感觉自己不是孤单的。,,,
22,2,心理健康趋势,1,亚裔趋势,2_1,1,您是否知道当前青少年，特别是亚裔青少年中抑郁的高发趋势？,FALSE,2,B,2_1_B,B  略有了解,已经开始注意到这个问题为您更深入地了解和帮助孩子打下了基础。,通过学校、社区活动或可靠的新闻渠道了解更多情况会让您的支持更有针对性。,,,
23,2,心理健康趋势,1,亚裔趋势,2_1,1,您是否知道当前青少年，特别是亚裔青少年中抑郁的高发趋势？,FALSE,3,C,2_1_C,C  不了解,诚实地表达自己不了解的状态是开始关注的第一步。,"建议了解一下青少年的心理健康现状的报道，这有助于理解孩子的行为和压力来源。
",,,
24,2,心理健康趋势,1,亚裔趋势,2_2,2,您认为造成青少年抑郁的主要原因是什么？（可任选多项）,TRUE,10,A,2_2_A,A  种族歧视,家长选择来美创业是因为在国内听到的都是在美奋斗成功的故事。但种族的不同有时会使孩子们感觉低人一等。这确实是一个让人感到孤立和无助的经历。,"为孩子提供安全的倾诉环境，让他们知道遭遇不公时不是他们的错。鼓励表达情绪（如写日记、与信任的人交谈）。
在华人社区为他们找朋友和知己。推荐支持团体（如 UCA）或心理咨询，帮助应对歧视带来的心理影响。",,,
25,2,心理健康趋势,1,亚裔趋势,2_2,2,您认为造成青少年抑郁的主要原因是什么？（可任选多项）,TRUE,10,B,2_2_B,B  学业和家长期望的压力,我们来美国就是为了吃苦创业，为了孩子们能有机会奋斗，能有更好的生活和未来。可是学业和家庭的高期望确实会让人喘不过气，感到焦虑甚至抑郁。,"告诉孩子，“你并不是一个人，很多青少年都在面对类似的压力。”在鼓励努力的同时，也让孩子知道，休息和兴趣也是成功的重要组成部分。 帮助设定合理的学业目标，并与家长沟通真实感受。
练习放松技巧（如正念、深呼吸）缓解焦虑。",,,
26,2,心理健康趋势,1,亚裔趋势,2_2,2,您认为造成青少年抑郁的主要原因是什么？（可任选多项）,TRUE,10,C,2_2_C,C  美国文化冲击,孩子们在美国的学校和美国的孩子们在一起会更深入地接触到美国文化， 感觉到与家里的文化之不同。在两种文化之间找到平衡确实不容易，这种冲突可能会让人感到迷茫。,"帮助孩子理解文化差异，找到中间的平衡点。 探索双文化身份的优势（如双语能力、多元视角）。
寻找亚裔青少年社群，分享经验并获得支持。",,,
27,2,心理健康趋势,1,亚裔趋势,2_2,2,您认为造成青少年抑郁的主要原因是什么？（可任选多项）,TRUE,10,D,2_2_D,D  分心（社交媒体、电子游戏等）,分心（社交媒体、电子游戏等）会占用很多时间，影响学习。 更难达到家长为他们制定的雄伟目标。,"与孩子一起制定使用社交媒体和娱乐的健康时间表。同时促使孩子在学业中找到兴趣。 设定健康的屏幕时间限制，培养线下兴趣爱好。
讨论如何辨别网络内容的负面影响（如外貌焦虑、网络暴力）。",,,
28,2,心理健康趋势,1,亚裔趋势,2_2,2,您认为造成青少年抑郁的主要原因是什么？（可任选多项）,TRUE,10,E,2_2_E,E  性格脆弱 / 自私,我们在国内崇拜的都是英雄伟人吃苦创业的光辉伟继。而美国则比中国更侧重个人感觉。与我们吃苦耐劳的精神似乎格格不入。很多人误以为抑郁是自私或脆弱，但其实它和身体生病一样需要关注和治疗。,"可以帮助孩子提升心理韧性，同时耐心理解他们的感受。
科普心理健康知识，减少自我污名化。
强调寻求帮助是勇敢的表现，而非软弱。",,,
29,2,心理健康趋势,1,亚裔趋势,2_2,2,您认为造成青少年抑郁的主要原因是什么？（可任选多项）,TRUE,10,OTHER,2_2_OTHER,其他,,,,,
30,2,心理健康趋势,2,亲子之忧,2_3,3,如果孩子出现抑郁迹象，您会采取什么方式应对？,FALSE,10,A,2_7_A,A. 立即寻求专业帮助,这是最安全决策。,保留紧急联系方式（心理医生、危机热线）以便随时行动。,,,
31,2,心理健康趋势,2,亲子之忧,2_3,3,如果孩子出现抑郁迹象，您会采取什么方式应对？,FALSE,10,B,2_7_B,B. 先在家中观察,在华人文化中，心理问题往往被视为需要“扛过去”的阶段，因此是否走向专业帮助，常常伴随着复杂的情绪。对一些家庭来说，寻求专业帮助并不只是一个行动选择，而是一个心理上的确认步骤，这本身就需要时间和勇气。,对很多家庭来说，先了解专业支持是什么、能做什么，本身就是重要的一步。,,,
32,2,心理健康趋势,2,亲子之忧,2_3,3,如果孩子出现抑郁迹象，您会采取什么方式应对？,FALSE,10,C,2_7_C,C. 与孩子深入谈心,您重视情感支持的力量。您希望通过亲密的对话，了解孩子正在经历什么，并给予支持。,深入谈心很有价值，但并不等同于专业支持。在谈话中避免指责或过早给建议，先让他们充分表达。如果孩子的情绪低落持续存在，或影响到日常生活，仍需要考虑专业评估。,,,
33,2,心理健康趋势,2,亲子之忧,2_3,3,如果孩子出现抑郁迹象，您会采取什么方式应对？,FALSE,10,OTHER,2_7_OTHER,其他,,,,,
34,2,心理健康趋势,3,藤校之念,2_4,4,如果您的孩子被哈佛录取的同时心理医生诊断孩子有抑郁倾向，您会认为：,FALSE,1,A,2_4_A, 青春期情绪波动很正常，不必大惊小怪,"您能保持冷静看待孩子的情绪变化，这种镇定很难得。
确实，青春期情绪起伏比成年人大很多。","不过哈佛医学院研究发现，青春期抑郁症状持续2周以上就需要专业评估。
我们可以做个简单测试区分正常波动和抑郁症状：如果孩子出现...（列举具体症状）",,,
35,2,心理健康趋势,3,藤校之念,2_4,4,如果您的孩子被哈佛录取的同时心理医生诊断孩子有抑郁倾向，您会认为：,FALSE,1,B,2_4_B, 这是暂时的适应期压力，挺过去就成长了,您相信挫折能磨练孩子韧性，这种长远眼光非常可贵。确实，适度压力能促进成长。,"补充数据：
但哈佛校方数据显示，25%新生因‘必须完美’的预期导致抑郁恶化。我们可以区分‘成长型压力’和‘毒性压力’。
替代方案：
是否考虑延迟入学1年？哈佛允许gap year治疗，康复后入学成功率反而提高33%（来源：哈佛健康中心）。",,,
36,2,心理健康趋势,3,藤校之念,2_4,4,如果您的孩子被哈佛录取的同时心理医生诊断孩子有抑郁倾向，您会认为：,FALSE,1,C,2_4_C, 先把offer接了，暑假再治疗,"您想兼顾学业机会和健康，这个平衡考虑很周全。
来之不易的offer确实需要慎重对待。","研究表明，带着抑郁症状入学的学生，第一年退学率高达43%。
建议可以先接受offer，但同时做三件事：
立即开始每周心理咨询
联系学校残疾学生服务中心备案
制定详细的健康管理计划",,,
37,2,心理健康趋势,3,藤校之念,2_4,4,如果您的孩子被哈佛录取的同时心理医生诊断孩子有抑郁倾向，您会认为：,FALSE,1,D,2_4_D, 抑郁药会影响记忆力，绝对不能吃,"您担心药物副作用影响学习，这种顾虑完全可以理解。
很多家长都有类似的药物担忧。","新一代抗抑郁药(如SSRIs)对记忆力的影响其实很小，反倒是未经治疗的抑郁会损伤海马体。
",,,
38,2,心理健康趋势,3,藤校之念,2_4,4,如果您的孩子被哈佛录取的同时心理医生诊断孩子有抑郁倾向，您会认为：,FALSE,1,OTHER,2_4_OTHER,其他,,,,,
39,2,心理健康趋势,3,藤校之念,2_5,5,为进入藤校所付出的长期心理健康成本，与藤校文凭可能带来的长远收益，二者孰轻孰重？,FALSE,1,A,2_5_A, 抑郁可以治愈，文凭改变阶层,您对教育改变命运的信念有多人认同，确实藤校文凭能带来高终生收入。,但健康是收益的前提：终生收入的实现，依赖于持续的工作能力与决策质量。若海马体萎缩影响认知功能，或抑郁复发中断职业生涯，文凭的长期收益将大幅折损。真正的阶层跃升，是身心健康与学历资质的乘积，而非单一变量的赌博。,,,
40,2,心理健康趋势,3,藤校之念,2_5,5,为进入藤校所付出的长期心理健康成本，与藤校文凭可能带来的长远收益，二者孰轻孰重？,FALSE,1,B,2_5_B, 短期痛苦换终生优势，值得,这种牺牲精神是华人家庭的独特力量。,"“短期”可能覆盖整个黄金成长期：抑郁平均持续4.5年（NIMH），恰覆盖大学关键阶段。当压力从小学开始积累，所谓的“短期”实为贯穿发育期的长期损耗。
哈佛研究显示，亚裔学生需比白人同学GPA高0.5才能获得同等机会，但这恰恰说明系统不公不应由个体用健康超额支付。真正的力量，应用于寻找不竭泽而渔的可持续路径。",,,
41,2,心理健康趋势,3,藤校之念,2_5,5,为进入藤校所付出的长期心理健康成本，与藤校文凭可能带来的长远收益，二者孰轻孰重？,FALSE,1,C,2_5_C, 比起底层劳动者的痛苦，这算什么,您对底层困境的认知非常清醒，美国底层收入群体的日均压力指数明显超过高层收入群体。,"比较痛苦不如比价优化路径：真正的启示在于：成功道路本就多元（马云、黄仁勋皆非藤校出身）。若只因恐惧落入底层而盲目参与高压竞赛，可能恰恰在过程中损耗了那些比文凭更核心的创业魄力、创造力与心理韧性——而这些才是突破阶层的真正引擎。不要忘记：
马云：杭州师范 → 首富
黄仁勋：俄勒冈州立 → NVIDIA",,,
42,2,心理健康趋势,3,藤校之念,2_5,5,为进入藤校所付出的长期心理健康成本，与藤校文凭可能带来的长远收益，二者孰轻孰重？,FALSE,1,OTHER,2_5_OTHER,其他,,,,,
43,2,心理健康趋势,3,藤校之念,2_6,6,如果孩子离梦校只差一步（如SAT1580/国际奥赛银牌），但已出现失眠、自残倾向，您会如何认为？,FALSE,1,A,2_6_A, 最后冲刺阶段都这样，考完就好了,"生理代价：持续高压会导致海马体暂时萎缩15-20%，可能造成永久性记忆损伤（Nature Neuroscience）
数据事实：在冲刺阶段出现自残倾向的学生，6个月内发展成重度抑郁的概率高达68%（JAMA Psychiatry）",,,,
44,2,心理健康趋势,3,藤校之念,2_6,6,如果孩子离梦校只差一步（如SAT1580/国际奥赛银牌），但已出现失眠、自残倾向，您会如何认为？,FALSE,1,B,2_6_B, 先瞒着心理问题把申请交了，录取后再治疗,"美国TOP30大学申请表中均有心理健康史披露条款，隐瞒可能导致：
录取撤销（如哈佛2022年撤销3名隐瞒抑郁史新生）

丧失校内心理服务资格",,,,
45,2,心理健康趋势,3,藤校之念,2_6,6,如果孩子离梦校只差一步（如SAT1580/国际奥赛银牌），但已出现失眠、自残倾向，您会如何认为？,FALSE,1,C,2_6_C, 名校光环比暂时情绪重要，,"追踪数据：强行入学的抑郁学生：
毕业5年后失业率比健康同学高3.2倍
薪资水平反而低17%（斯坦福职业发展中心）",,,,
46,2,心理健康趋势,3,藤校之念,2_6,6,如果孩子离梦校只差一步（如SAT1580/国际奥赛银牌），但已出现失眠、自残倾向，您会如何认为？,FALSE,1,OTHER,2_6_OTHER,其他,,,,,
47,3,亲子沟通,1,日常连接,3_1,1,您的孩子最常与您谈论哪些方面？(可任选多项）,TRUE,10,A,3_1_A,A. 学业,A. 对中国家长来说，学业最重要。没有好成绩就上不了好大学。就没有好工作。,在讨论成绩时，也鼓励他们分享学习中的成就感和兴趣点。,,,1
48,3,亲子沟通,1,日常连接,3_1,1,您的孩子最常与您谈论哪些方面？(可任选多项）,TRUE,10,B,3_1_B,B. 朋友关系,B. 在美国，许多青少年都感到孤独。健康的友谊对孩子们很重要。,如果被好好倾听，这也是孩子逐渐理解友谊是否健康、以及自己需要什么样的边界的过程,,,1
49,3,亲子沟通,1,日常连接,3_1,1,您的孩子最常与您谈论哪些方面？(可任选多项）,TRUE,10,C,3_1_C,C. 爱情关系,C. 家长可能希望孩子注重学业。“书中有女颜如玉”。作为少数民族，尤其是男孩子在美国，数据显示恋爱是一个新的挑战。,最好用支持和倾听代替直接否定，让他们感到被理解。尤其是在恋爱失败时，给与他们亲切的关怀和爱护，勉励他们牢记自己的价值和本质上的追求。 鼓励参加多元活动（社团、志愿工作），增加认识人的机会。,,,1
50,3,亲子沟通,1,日常连接,3_1,1,您的孩子最常与您谈论哪些方面？(可任选多项）,TRUE,10,D,3_1_D,D. 工作或未来职业,D. 学校的职业教育很少。能使孩子们越早越多地接触各种职业会及时开阔他们的眼界，找到自己的兴趣。,"一起探索不同的职业路径和可能性。可参考aptitude test result。  用纪录片、访谈等展示多元职业（如电竞解说、AI伦理师、海洋塑料回收创业者）。
工具推荐：BBC《未来职业》（The Future of Work）、LinkedIn新兴职业报告。",,,1
51,3,亲子沟通,1,日常连接,3_1,1,您的孩子最常与您谈论哪些方面？(可任选多项）,TRUE,10,E,3_1_E,E. 社交媒体,E. 研究证明社交媒体是导致心理受伤的一大原因。,引导他们分辨线上与线下的真实差异，减少不必要的比较。,,,1
52,3,亲子沟通,1,日常连接,3_1,1,您的孩子最常与您谈论哪些方面？(可任选多项）,TRUE,10,OTHER,3_1_OTHER,其他,,,,,1
53,3,亲子沟通,1,日常连接,3_2,2,您全家一起吃晚饭吗？,FALSE,1,A  ,3_2_A  ,A. 经常一起,A. 晚餐时间往往是家人一天中难得的共处时刻，分享当天的经历、烦恼或趣事，能增进彼此的理解和亲密感。 ,可以利用晚餐时间聊一些轻松的话题，增强彼此的情感联系。餐桌对话能丰富孩子的词汇量，学习倾听、表达及餐桌礼仪。 研究表明，规律家庭晚餐的孩子更少出现抑郁、焦虑或行为问题，可能与情感支持有关。,,,1
54,3,亲子沟通,1,日常连接,3_2,2,您全家一起吃晚饭吗？,FALSE,1,B,3_2_B,B. 偶尔一起,B. 即使不常，但您还是努力创造共同的用餐时间。,"即使无法每日执行，也可设定""每周固定几天""的小目标。关键不在于形式完美，而是创造轻松开放的交流氛围——即使简单的面条，也能因共同欢笑而珍贵。
良好的亲子关系常常可以用几句话建立。",,,1
55,3,亲子沟通,1,日常连接,3_2,2,您全家一起吃晚饭吗？,FALSE,1,C,3_2_C,C. 几乎不一起,C. 您坦诚地反映了家庭时间的现实情况。,晚餐时间往往是家人一天中难得的共处时刻，分享当天的经历、烦恼或趣事，能增进彼此的理解和亲密感。 如果晚餐不可能，可以利用其他时间聊一些轻松的话题，增强彼此的情感联系。对话能丰富孩子的词汇量，学习倾听、表达及餐桌礼仪。 研究表明，规律家庭晚餐的孩子更少出现抑郁、焦虑或行为问题，可能与情感支持有关。 即使时间短，也可以利用其他零碎时间与孩子交流，比如早餐或睡前。,,,1
56,3,亲子沟通,1,日常连接,3_3,3,晚餐时，大家最常在做什么？,FALSE,1,A,3_3_A,A. 讨论学校或工作的事情,A. 学校和工作是您最关心的话题。,"学校和工作的不顺心容易引发争执。可以聊聊兴趣、新闻或趣事，减少压力感。比如：  

1. 轻松愉快的日常话题
“今天有什么有趣的事情发生吗？”（鼓励每个人分享一天的小确幸）
“今天学到/发现了什么新东西？”（适合孩子，也能让大人分享新鲜事）
“如果今天可以重来一次，你会改变哪件事？”（引导反思和幽默讨论）

2. 回忆与故事类
“你们小时候最喜欢的家庭晚餐是什么？”（让长辈分享回忆，孩子了解家庭历史）
“我们家最搞笑的一次聚餐是哪次？”（唤起欢乐记忆）
“你遇到过最奇怪的/最美味的食物是什么？”（适合喜欢美食的家庭）

3. 未来与想象类
“周末/假期最想一起做什么？”（规划家庭活动，增强期待感）
“如果明天可以变成任何一种动物，你会选什么？为什么？”（适合孩子，激发想象力）
“十年后，你觉得我们家会是什么样子？”（有趣又带点哲思）

4. 趣味互动类
“如果只能吃一种食物一辈子，你会选什么？”（引发热烈讨论）
“用三个词形容今天的感受！”（简短又能了解彼此情绪）
“玩‘猜猜我在想什么’游戏！”（一人描述，其他人猜，适合孩子）

5. 教育与社会话题（适合大孩子或成人较多的家庭）
“如果你能解决世界上一个问题，会选什么？”（培养孩子的社会意识）
“最近看到的一条有意思的新闻是什么？”（避免争议性话题，保持轻松）
“你觉得‘幸福’是什么？”（促进深度交流）

6. 感恩与赞赏
“今天谁帮助了你？或者你想感谢谁？”（培养感恩心态）
“我觉得你最近做得特别棒的一件事是……”（互相鼓励）

小技巧
让孩子主导话题：问问他们最想聊什么。
幽默一点：比如“如果我们的宠物会说话，它会对我们说什么？”
轮流发言：确保每个人都有机会表达。
关键不是话题本身，而是营造一个开放、温暖的交流环境。即使只是聊聊“今天的土豆丝为什么特别好吃”，也能让晚餐成为一天中最温馨的时刻。 😊",,,1
57,3,亲子沟通,1,日常连接,3_3,3,晚餐时，大家最常在做什么？,FALSE,1,B,3_3_B,B. 漫天闲聊,B. 您已经在做对孩子和全家最有利的活动：利用晚餐时间聊一些轻松的话题，增强彼此的情感联系。餐桌对话能丰富孩子的词汇量，学习倾听、表达及餐桌礼仪。,"继续保持这种互动，可以增加一些趣味性或回忆性的对话。比如：

1. 轻松愉快的日常话题
“今天有什么有趣的事情发生吗？”（鼓励每个人分享一天的小确幸）
“今天学到/发现了什么新东西？”（适合孩子，也能让大人分享新鲜事）
“如果今天可以重来一次，你会改变哪件事？”（引导反思和幽默讨论）

2. 回忆与故事类
“你们小时候最喜欢的家庭晚餐是什么？”（让长辈分享回忆，孩子了解家庭历史）
“我们家最搞笑的一次聚餐是哪次？”（唤起欢乐记忆）
“你遇到过最奇怪的/最美味的食物是什么？”（适合喜欢美食的家庭）

3. 未来与想象类
“周末/假期最想一起做什么？”（规划家庭活动，增强期待感）
“如果明天可以变成任何一种动物，你会选什么？为什么？”（适合孩子，激发想象力）
“十年后，你觉得我们家会是什么样子？”（有趣又带点哲思）

4. 趣味互动类
“如果只能吃一种食物一辈子，你会选什么？”（引发热烈讨论）
“用三个词形容今天的感受！”（简短又能了解彼此情绪）
“玩‘猜猜我在想什么’游戏！”（一人描述，其他人猜，适合孩子）

5. 教育与社会话题（适合大孩子或成人较多的家庭）
“如果你能解决世界上一个问题，会选什么？”（培养孩子的社会意识）
“最近看到的一条有意思的新闻是什么？”（避免争议性话题，保持轻松）
“你觉得‘幸福’是什么？”（促进深度交流）

6. 感恩与赞赏
“今天谁帮助了你？或者你想感谢谁？”（培养感恩心态）
“我觉得你最近做得特别棒的一件事是……”（互相鼓励）

小技巧
让孩子主导话题：问问他们最想聊什么。
幽默一点：比如“如果我们的宠物会说话，它会对我们说什么？”
轮流发言：确保每个人都有机会表达。
关键不是话题本身，而是营造一个开放、温暖的交流环境。即使只是聊聊“今天的土豆丝为什么特别好吃”，也能让晚餐成为一天中最温馨的时刻。 😊",,,1
58,3,亲子沟通,1,日常连接,3_3,3,晚餐时，大家最常在做什么？,FALSE,1,C,3_3_C,C. 看手机,C. 担心错过工作消息、社交动态或新闻，算法的刻意设计， 习惯性分心， 家庭动态影响等因素，使我们习惯性地吃饭时看手机。,"解决方案：全家签订""晚餐公约""，例如：
✅ 前15分钟绝对无手机
✅ 第一个主动聊天的人获得奖励（如决定饭后甜点）",,,1
59,3,亲子沟通,1,日常连接,3_3,3,晚餐时，大家最常在做什么？,FALSE,1,D,3_3_D,D. 保持安静,D. 保持安静可以培养专注吃饭的习惯， 减少无意义争吵， 适合高压后放松。,"但可能错失情感交流机会，孩子社交能力锻炼不足，长期易形成疏离感。如果希望既保持餐桌礼仪又不失温情，可以尝试：
分段式晚餐：前10分钟安静吃饭，后10分钟轻聊今日趣事。
设立“话题时间”：每周选几天专门讨论一个轻松主题（避免敏感问题）。
非语言互动：通过分享食物（如夹菜）、微笑等传递关心。

可以聊聊兴趣、新闻或趣事，减少压力感。比如：  

1. 轻松愉快的日常话题
“今天有什么有趣的事情发生吗？”（鼓励每个人分享一天的小确幸）
“今天学到/发现了什么新东西？”（适合孩子，也能让大人分享新鲜事）
“如果今天可以重来一次，你会改变哪件事？”（引导反思和幽默讨论）

2. 回忆与故事类
“你们小时候最喜欢的家庭晚餐是什么？”（让长辈分享回忆，孩子了解家庭历史）
“我们家最搞笑的一次聚餐是哪次？”（唤起欢乐记忆）
“你遇到过最奇怪的/最美味的食物是什么？”（适合喜欢美食的家庭）

3. 未来与想象类
“周末/假期最想一起做什么？”（规划家庭活动，增强期待感）
“如果明天可以变成任何一种动物，你会选什么？为什么？”（适合孩子，激发想象力）
“十年后，你觉得我们家会是什么样子？”（有趣又带点哲思）

4. 趣味互动类
“如果只能吃一种食物一辈子，你会选什么？”（引发热烈讨论）
“用三个词形容今天的感受！”（简短又能了解彼此情绪）
“玩‘猜猜我在想什么’游戏！”（一人描述，其他人猜，适合孩子）

5. 教育与社会话题（适合大孩子或成人较多的家庭）
“如果你能解决世界上一个问题，会选什么？”（培养孩子的社会意识）
“最近看到的一条有意思的新闻是什么？”（避免争议性话题，保持轻松）
“你觉得‘幸福’是什么？”（促进深度交流）

6. 感恩与赞赏
“今天谁帮助了你？或者你想感谢谁？”（培养感恩心态）
“我觉得你最近做得特别棒的一件事是……”（互相鼓励）

小技巧
让孩子主导话题：问问他们最想聊什么。
幽默一点：比如“如果我们的宠物会说话，它会对我们说什么？”
轮流发言：确保每个人都有机会表达。
关键不是话题本身，而是营造一个开放、温暖的交流环境。即使只是聊聊“今天的土豆丝为什么特别好吃”，也能让晚餐成为一天中最温馨的时刻。 😊",,,1
60,3,亲子沟通,1,日常连接,3_3,3,晚餐时，大家最常在做什么？,FALSE,1,OTHER,3_3_OTHER,其他,,,,,1
61,3,亲子沟通,2,沟通与回应,3_4,4,孩子会多久向您报告一次担忧或烦恼？,FALSE,1,A,3_4_A,A.  经常,A. 孩子愿意与您分享，这说明他们信任您。,保持这种开放的沟通环境，即使在您不同意他们的观点时，也先倾听。,,,1
62,3,亲子沟通,2,沟通与回应,3_4,4,孩子会多久向您报告一次担忧或烦恼？,FALSE,1,B,3_4_B,B. 偶尔,B. 有时他们会告诉您，这说明您与他们的沟通渠道并未关闭。,可以在日常中多创造一些轻松的交流机会，比如散步或做饭时聊天。,,,1
63,3,亲子沟通,2,沟通与回应,3_4,4,孩子会多久向您报告一次担忧或烦恼？,FALSE,1,C,3_4_C,C. 从不,C. 您坦诚地表达了现状，这是改善沟通的第一步。,避免在他们主动开口时立刻评价或批评，让他们感到安全再多分享。,,,1
64,3,亲子沟通,2,沟通与回应,3_5,5,当孩子向您分享烦恼时，您通常会怎么做？,FALSE,1,A,3_5_A,A.  先听，不给建议.  只有被问到时才给建议,A. 您给他们一个安全的环境，专心倾听孩子的倾诉。不插嘴。不分析。不给与没有要求的劝告是建立信任的重要基础。,孩子在讲述中可以感觉到家长的全神贯注。在安全地表达情感的同时，他们可以清理思路，常常自己找到方法解决自己的问题。同时对家长更加信任。在合适的时机，可以用开放式提问帮助他们自己找到解决方法。,,,1
65,3,亲子沟通,2,沟通与回应,3_5,5,当孩子向您分享烦恼时，您通常会怎么做？,FALSE,1,B,3_5_B,B.  保持距离，因为我不知如何应付。,B. 您可能担心打扰或激怒孩子。,"以温和方式表明您随时在他们需要时提供支持。比如：
躯体化接纳（先拥抱/握手，降低皮质醇水平）
情绪命名术（""你现在的感觉像被暴雨困住的小鸟吗？""）
共同探索（""我们来看看这个情绪想告诉我们什么""）",,,1
66,3,亲子沟通,2,沟通与回应,3_5,5,当孩子向您分享烦恼时，您通常会怎么做？,FALSE,1,C,3_5_C,C.  立即寻找原因并给与建议,C. 您的出发点是想帮助他们解决问题， 防止他们在负情绪上滞留。,"先全力倾听，确认接受他们的感受，再提供建议，这样更容易被接受。 当孩子说""妈妈我难受""时，最好的回应不是立刻解决问题，而是""谢谢你和我说，我们一起看看这个难受长什么样子"".  回忆自己童年情绪处理方式，写下""最希望当时父母怎么说""。",,,1
67,3,亲子沟通,2,沟通与回应,3_5,5,当孩子向您分享烦恼时，您通常会怎么做？,FALSE,1,OTHER,3_5_OTHER,其他,,,,,1
68,3,亲子沟通,2,沟通与回应,3_6,6,孩子是否会主动与您谈论心理压力？,FALSE,1,A,3_6_A,A.  经常会,A. 您与孩子建立了较高的信任度。,继续保持开放态度，确保他们知道您的接纳没有条件。,,,1
69,3,亲子沟通,2,沟通与回应,3_6,6,孩子是否会主动与您谈论心理压力？,FALSE,1,B,3_6_B,B.  偶尔会,B. 孩子在某些情况下愿意向您倾诉。,通过日常小对话增加安全感，逐步延长交流的深度和频率。,,,1
70,3,亲子沟通,2,沟通与回应,3_6,6,孩子是否会主动与您谈论心理压力？,FALSE,1,C,3_6_C,C.  几乎不会,C. 您可能面临沟通壁垒，这并不罕见。您也可能认为谈论会助长情绪，感觉变成现实。,"回忆自己童年情绪处理方式，写下""最希望当时父母怎么说""。尝试用间接方式（如共同活动）打破沉默，再慢慢过渡到敏感话题。",,,1
71,3,亲子沟通,2,沟通与回应,3_7,7,在沟通心理健康时，您倾向于哪种态度？,FALSE,1,A,3_7_A,A. 完全开放,A. 您相信透明能增强信任。,在开放的同时，也保护孩子的隐私不被他人过度介入。,,,1
72,3,亲子沟通,2,沟通与回应,3_7,7,在沟通心理健康时，您倾向于哪种态度？,FALSE,1,B,3_7_B,B. 有限开放,B. 您在保护孩子的同时，逐步探索更深的对话。,逐渐扩大讨论范围，让孩子适应并接受心理健康的正常化。,,,1
73,3,亲子沟通,2,沟通与回应,3_7,7,在沟通心理健康时，您倾向于哪种态度？,FALSE,1,C,3_7_C,C. 较为保守,C. 您的顾虑可能来自文化或成长背景。,先从小话题切入（如日常压力），再引导到更核心的问题。,,,1
74,3,亲子沟通,2,沟通与回应,3_8,8,当孩子拒绝沟通时，您会怎么做？,FALSE,1,A,3_8_A,A. 等待他们准备好,A. 您尊重孩子的节奏。,保持日常联系，让他们知道您一直在他们的身边爱护他们。  比如： 固定30分钟不带电子产品的散步/拼图时间，不主动提问，允许「舒适的沉默。 沉默可以成为亲子间最深邃的对话方式，只要其中流淌着未被言说的理解。,,,1
75,3,亲子沟通,2,沟通与回应,3_8,8,当孩子拒绝沟通时，您会怎么做？,FALSE,1,B,3_8_B,B. 尝试换个方式,B. 您灵活调整方法以接近孩子。,使用非正面交谈（边走边聊、做饭时聊）减少压力感。 有时最有力量的连接，恰恰发生在无言并肩看夕阳的时刻。,,,1
76,3,亲子沟通,2,沟通与回应,3_8,8,当孩子拒绝沟通时，您会怎么做？,FALSE,1,C,3_8_C,C. 直接要求他们沟通,C. 您希望尽快解决问题。,"在坚持的同时，用温和语言表达您的关心，而不是命令口吻。 不说「你必须现在说」，改为：
「妈妈看出你现在不想说话，我们15分钟后再试试好吗？」
这期间家长做平静活动（洗碗/看书），示范情绪调节",,,1
77,3,亲子沟通,2,沟通与回应,3_8,8,当孩子拒绝沟通时，您会怎么做？,FALSE,1,OTHER,3_8_OTHER,其他,,,,,1
78,3,亲子沟通,3,无意说出口的话,3_9,9,您是否说过以下的话？（可任选多项）,TRUE,10,A,3_9_A,A.  爸妈这么辛苦都是为了你,"A。 这句话往往出自爱与责任。
父母希望孩子明白自己的付出，也希望这份付出能被珍惜。
有时，孩子在听到时，会同时感到被爱、也感到压力。","但心理杀伤力报告：
短期：引发「存在性愧疚」，孩子大脑默认模式网络活跃度↑28%（Nature子刊）
长期：导致「报恩型人格」，成年后选择职业时优先考虑父母期望而非自身兴趣的概率↑53%
三步重构法：
承认事实：""爸妈确实工作辛苦（客观描述）""
切割责任：""但这是我们的人生选择，不是你的负担""
正向联结：""你通过认真生活就是对父母最好的回报""",,,1
79,3,亲子沟通,3,无意说出口的话,3_9,9,您是否说过以下的话？（可任选多项）,TRUE,10,B,3_9_B, B. 你知道补习班花了我多少年薪吗？,"B. 这句话通常源于对孩子投入很多的现实压力。
父母希望孩子理解家庭的付出，但孩子有时会把这种提醒听成对自己的期待或负担。","每提及1次「教育花费」，孩子：
学习愉悦感↓19%（北师大研究）
考试焦虑发作概率↑34%
对父母财务的过度关注度持续6-8周
让孩子参与预算决策（如""这笔钱补数学还是请体育私教？""）",,,1
80,3,亲子沟通,3,无意说出口的话,3_9,9,您是否说过以下的话？（可任选多项）,TRUE,10,C,3_9_C,C.  要不是为你，我早离婚/回国/创业了,"C. 这类话往往是在情绪累积时说出的。
父母可能是在表达自己的牺牲与不容易，而孩子有时会因此感到内疚，或不知如何回应。","但会导致孩子出现：
关系妄想（""我是家庭不幸的根源""）
假性成熟（被迫成为父母情绪配偶）
成年后亲密关系障碍率↑61%（《发展心理学》
责任边界声明：
""爸妈的婚姻/事业选择是我们自己的责任，与你无关。无论做什么决定，我们都会确保你的成长环境稳定。""
创伤预防话术：
""其实我们很感激你出现在生命里...（列举具体积极影响）。大人的困难需要大人自己解决。""",,,1
81,3,亲子沟通,3,无意说出口的话,3_9,9,您是否说过以下的话？（可任选多项）,TRUE,10,OTHER,3_9_OTHER,其他,,,,,1
82,3,亲子沟通,3,无意说出口的话,3_10,10,当孩子抱怨压力大时，您是否说过：（可任选多项）,TRUE,10,A,3_10_A, 我当年比你苦十倍，你有什么资格喊累,"你不是冷酷。你只是太熟悉“忍”。你走过的路，风大、灯暗、没人问你累不累。你能站到今天，全靠咬牙。
所以当孩子喊累，你的第一反应不是否定——而是本能地把他们往你活过来的那条路上推。
那句话背后，其实是这层意思：“我熬过来了，你也要能活下去。”
这是保护，不是攻击。只是用了你那一代唯一学会的语言。
你不是不心疼。你只是还没被心疼过。
问题是：
代际创伤传递：比较式否定会让孩子产生""痛苦奥林匹克""心理（认为自己的感受不被认可）
神经科学证据：当孩子被否定时，大脑前额叶皮质活动下降40%（fMRI研究），实际降低抗压能力","改进方案：
✅ 情感连接话术：
""我听到你真的很难受（共情）。我们那个年代的苦是__（具体举例），你们现在要面对的是__（如社交媒体焦虑），都不容易（认可）。咱们一起想想解决办法吗？（合作）""",,,1
83,3,亲子沟通,3,无意说出口的话,3_10,10,当孩子抱怨压力大时，您是否说过：（可任选多项）,TRUE,10,B,3_10_B, 现在的孩子太脆弱，我们当年…,"你不是看不起孩子。你是在为这个世界的“变软”感到不安。
你活在一个不允许脆弱的年代：情绪是奢侈品，撑不住就被淘汰。所以你学会了一个生存逻辑：硬一点，才能活久一点。
当你说“他们太脆弱”，真正浮上来的往往是一个更深的担忧：“如果他们这样，将来怎么扛得住？”
那不是指责，是恐慌。是一个见过风暴的人，担心孩子没有盔甲。
问题是：迷走神经反应：这种比较会立即触发孩子的防御状态，使心率提升25-40bpm","✅ 时空对比法：
""我们当年的‘苦’主要是__（物质匮乏），你们现在的‘苦’是__（信息过载）。就像比较黑白电视和智能手机——虽然不同，但都需要适应。""
✅ 创伤代际对话：
""爷爷奶奶当年也说我们不如他们能吃苦，看来每代人都会经历这种误解。我当时不喜欢他们的批评，所以我现在也不应该这样批评你。如果你愿意的话，告诉我你的困难，看我能不能帮助你。""",,,1
84,3,亲子沟通,3,无意说出口的话,3_10,10,当孩子抱怨压力大时，您是否说过：（可任选多项）,TRUE,10,C,3_10_C,看看Lucas，为什么他的数学那么好？,"您的比较的目的不是为了证明他差，而是找到最短改进路径,就像华为对比苹果——找出可追赶的专利技术。
但哈佛研究显示，被横向比较的亚裔青少年：短期压力激素上升: 相当于连续熬夜2天的压力水平, 会导致海马体暂时性功能降低（影响记忆提取）。 长期亲子关系质量下降， 相当于孩子隐瞒事件的概率从上升。深度谈话时间下降。遇到困难首选求助父母的比例也大幅下降。",如果需要讨论进步，更安全的参照往往是孩子自己的节奏，而不是他人的结果。比如，把注意力放在“现在和上一次相比有什么变化”，而不是“和谁相比”。,,,1
85,3,亲子沟通,4,耐心,3_11,11,当孩子动作慢、反复出错时，我内心最常出现的是：,FALSE,1,A,3_11_A,A. 强烈的不耐烦，感觉时间被浪费了,"A. 不是不关心，而是内心一直在和“来不及了”赛跑。
这种着急，往往比问题本身更先出现。
",静下心来想一下，耐心的结果可能比赛跑要快。 ,,,1
86,3,亲子沟通,4,耐心,3_11,11,当孩子动作慢、反复出错时，我内心最常出现的是：,FALSE,1,B,3_11_B,B. 一种隐约的焦虑，担心再这样下去孩子的前途会出大问题,"B. 这种担心往往不是针对当下，而是被未来牵着走。
想象中的风险，很容易让人感到紧张和不安。
","很多研究和临床发现：大多数担忧最终并不会像想象中那样发生。
但是担心带来的恐慌和急躁会真正伤害亲子关系和孩子的兴趣及信心。",,,1
87,3,亲子沟通,4,耐心,3_11,11,当孩子动作慢、反复出错时，我内心最常出现的是：,FALSE,1,C,3_11_C,C.我能觉察到情绪，但还能稳住自己,C. 情绪在，感谢理智还在努力工作。,,,,1
88,3,亲子沟通,4,耐心,3_11,11,当孩子动作慢、反复出错时，我内心最常出现的是：,FALSE,1,D,3_11_D,D. 希望能了解孩子内心的感觉,D. 爱能走在恐惧前面是亲子美好关系的展望。 ,,,,1
89,3,亲子沟通,4,耐心,3_11,11,当孩子动作慢、反复出错时，我内心最常出现的是：,FALSE,1,OTHER,3_11_OTHER,其他,,,,,1
90,3,亲子沟通,4,耐心,3_12,12,当孩子情绪失控时，我更容易关注的是：,FALSE,1,A,3_12_A,A. 事情会不会失控、被别人看到会 丢人现眼。,A. 紧张的不只是孩子，还有家庭在外界眼中的“安全”。,紧张往往会被外界放大。孩子的内心安全应该第一。,,,1
91,3,亲子沟通,4,耐心,3_12,12,当孩子情绪失控时，我更容易关注的是：,FALSE,1,B,3_12_B,B. 他们为什么这么情绪化？,B. 理智在评估，情绪却已经升级。,孩子还在学习如何理解处理情绪。家长的平静会对孩子的学习有正面影响。,,,1
92,3,亲子沟通,4,耐心,3_12,12,当孩子情绪失控时，我更容易关注的是：,FALSE,1,C,3_12_C,C. 自己的身体反应（心跳、紧绷、烦躁）,C. 身体先一步察觉到危险。,深呼吸。,,,1
93,3,亲子沟通,4,耐心,3_12,12,当孩子情绪失控时，我更容易关注的是：,FALSE,1,D,3_12_D,D. 孩子此刻到底在害怕什么,D. 注意力从“场面”转向“人”。会对孩子有正面影响。,,,,1
94,3,亲子沟通,4,耐心,3_12,12,当孩子情绪失控时，我更容易关注的是：,FALSE,1,OTHER,3_12_OTHER,其他,,,,,1
95,3,亲子沟通,4,耐心,3_13,13,当我对孩子“没耐心”时，更接近真实的原因是：,FALSE,1,A,3_13_A,A. 我从小就没有被允许慢下来， 所以我对自己也同样苛刻,A. 这是学来的节奏，不是性格缺陷。为了孩子的心理健康，我们可以学新的方式。,,,,1
96,3,亲子沟通,4,耐心,3_13,13,当我对孩子“没耐心”时，更接近真实的原因是：,FALSE,1,B,3_13_B,B. 我习惯用效率来对抗不安， 我害怕一旦放松，事情会变糟,B. 忙和快，是我稳定自己的方式。为了孩子的心理健康，我们可以学新的方式。,,,,1
97,3,亲子沟通,4,耐心,3_13,13,当我对孩子“没耐心”时，更接近真实的原因是：,FALSE,1,C,3_13_C,C. 我不知道如何表现耐心,C. 爱在，但语言缺席。可能是文化和世代的差距。,可以学习和锻炼。,,,1
98,3,亲子沟通,4,耐心,3_13,13,当我对孩子“没耐心”时，更接近真实的原因是：,FALSE,1,D,3_13_D,D. 我已经意识到这一点，并在练习调整,D. 模式开始松动。值得欣慰。,,,,1
99,3,亲子沟通,4,耐心,3_13,13,当我对孩子“没耐心”时，更接近真实的原因是：,FALSE,1,OTHER,3_13_OTHER,其他,,,,,1
100,3,亲子沟通,4,耐心,3_14,14,当我意识到自己是“恐惧驱动”而不是“爱驱动”时，我通常：,FALSE,1,A,3_14_A,A. 作为移民来说，我觉得我的恐惧是不可避免的。,A. 因为我们觉得无路可退。,,,,1
101,3,亲子沟通,4,耐心,3_14,14,当我意识到自己是“恐惧驱动”而不是“爱驱动”时，我通常：,FALSE,1,B,3_14_B,B. 合理化：不这样孩子不行,B. 理性在为恐惧找理由。结果可能得看运气了。不幸的是，往往达非所愿。,,,,1
102,3,亲子沟通,4,耐心,3_14,14,当我意识到自己是“恐惧驱动”而不是“爱驱动”时，我通常：,FALSE,1,C,3_14_C,C. 暂停一下，哪怕只有几秒，深呼吸。,C. 系统第一次没有自动反应。是一项值得庆祝的成就。,,,,1
103,3,亲子沟通,4,耐心,3_14,14,当我意识到自己是“恐惧驱动”而不是“爱驱动”时，我通常：,FALSE,1,D,3_14_D,D. 试图分辨恐惧与现实威胁,D. 觉察开始接管方向盘。,,,,1
104,3,亲子沟通,4,耐心,3_14,14,当我意识到自己是“恐惧驱动”而不是“爱驱动”时，我通常：,FALSE,1,OTHER,3_14_OTHER,其他,,,,,1
105,3,亲子沟通,4,耐心,3_15,15,在家庭中，“耐心”对我来说更像是：,FALSE,1,A,3_15_A,A. 一种我很少拥有的资源，尤其在孩子不配合时，耐心对我来说几乎不存在。,"A. 耐心不是随叫随到， 尤其是它最被需要的时候。
不幸的是，没有耐心的爱听起来不觉得像是爱。",,,,1
106,3,亲子沟通,4,耐心,3_15,15,在家庭中，“耐心”对我来说更像是：,FALSE,1,B,3_15_B,B. 一种在安全感出现时自然产生的状态,B. 是它不那么被需要的时候。,,,,1
107,3,亲子沟通,4,耐心,3_15,15,在家庭中，“耐心”对我来说更像是：,FALSE,1,C,3_15_C,C. 一种可以由练习而产生的能力,C. 可以从无到有。,,,,1
108,3,亲子沟通,4,耐心,3_15,15,在家庭中，“耐心”对我来说更像是：,FALSE,1,D,3_15_D,D. 我已经在慢慢体会它的不同层次,D. 不需要完美，只要进步不止就好。,,,,1
109,3,亲子沟通,4,耐心,3_15,15,在家庭中，“耐心”对我来说更像是：,FALSE,1,OTHER,3_15_OTHER,其他,,,,,1
110,4,了解与面对歧视,1,种族歧视的存在与影响,4_1,1,您认为您的孩子在生活中会遇到种族歧视吗？,FALSE,1,A,4_1_A,A. 经常。,A. 您留意并重视孩子所面临的不公平对待。但不知如何帮助孩子。,"与孩子保持开放的沟通，让他们知道您的支持和理解，并一起商量应对方法。比如：
证据档案：记录事件细节（时间/言论/见证人），形成可追溯模式
制度性应对：与学校建立「反歧视联系人」制度
加入民权组织（如美国ACLU）获取法律支持
心理铠甲训练：角色扮演应对场景（非对抗性回应模板：""这句话让我感到...""）。 联络有关社区组织， 如 UCA WAVE。",,,1
111,4,了解与面对歧视,1,种族歧视的存在与影响,4_1,1,您认为您的孩子在生活中会遇到种族歧视吗？,FALSE,1,B,4_1_B,B. 偶尔,B. 您意识到孩子可能会经历不公平的情况。,"可以帮助孩子积累应对经验，让他们在遇到类似情况时更有信心。比如：
危机转化机会：
✅ 每次事件后开展「歧视认知工作坊」：
情绪处理（先确认感受：""这确实不公平""）
归因分析（区分「偏见」与「无知」）
应对模拟（如幽默化解：""不，我数学好不是因为亚洲血统，是因为每天练习""）
预防性建设：
培养「双重文化能力」：既精通本族文化，又掌握主流文化通行码
建立「榜样资料库」：收集同种族成功人士案例对抗刻板印象
联络有关社区组织， 如 UCA WAVE。",,,1
112,4,了解与面对歧视,1,种族歧视的存在与影响,4_1,1,您认为您的孩子在生活中会遇到种族歧视吗？,FALSE,1,C,4_1_C,C. 从不,"警惕「平静假象」：
❗ 可能是孩子隐瞒（62%青少年不向父母报告歧视）
❗ 隐性歧视尚未被识别（如教师对作业的差异化要求）","即便如此，也可以和孩子聊聊歧视的存在与可能的应对方式。
前瞻性准备：
定期进行「歧视模拟游戏」：通过假设场景提高敏感度
植入「种族自豪感锚点」：
家谱研究项目
传统节日深度体验
联络有关社区组织， 如 UCA WAVE。",,,1
113,4,了解与面对歧视,1,种族歧视的存在与影响,4_1,1,您认为您的孩子在生活中会遇到种族歧视吗？,FALSE,1,D,4_1_D,D. 不确定,您愿意承认自己对这一问题的未知。,"可以多倾听孩子的经历，并主动留意他们可能没说出口的感受。
联络有关社区组织， 如 UCA WAVE。",,,1
114,4,了解与面对歧视,1,种族歧视的存在与影响,4_2,2,您是否认为种族歧视会影响青少年的心理健康？,FALSE,1,A,4_2_A,A  会，而且影响很大,您能看到种族歧视带来的深层次影响，这有助于您更好地理解孩子的感受。,在日常生活中为孩子建立心理防护网，让他们知道遇到不公可以求助和表达。同时在华人社区为他们找朋友和知己，如 UCA WAVE。,,,1
115,4,了解与面对歧视,1,种族歧视的存在与影响,4_2,2,您是否认为种族歧视会影响青少年的心理健康？,FALSE,1,B,4_2_B,B  会，但影响不算大,您承认它的存在，但认为影响有限，这种理性分析有助于客观看待问题。,"在保持积极心态的同时，也留意孩子可能在沉默中承受的情绪压力。
联络有关社区组织， 如 UCA WAVE。",,,1
116,4,了解与面对歧视,1,种族歧视的存在与影响,4_2,2,您是否认为种族歧视会影响青少年的心理健康？,FALSE,1,C,4_2_C,C  不会,您对孩子的适应能力有信心。,也可以和孩子聊聊他们的校园经历，确保他们确实没有因为背景而感到被排斥。,,,1
117,4,了解与面对歧视,2,如何教导孩子,4_3,3,您认为与孩子谈论歧视对他们的影响是:,FALSE,1,A,4_3_A,A. 让他们更有力量,"您相信公开讨论能增强孩子的应对能力。
作用原理：
✅ 提供认知框架：将模糊的不适感明确为「歧视现象」，减少自我怀疑
✅ 增强控制感：知晓应对策略后，前额叶皮层激活度提升37%（《发展心理学》2023）
✅ 建立心理同盟：知道父母是共同面对者，催产素分泌增加","继续鼓励这种开放交流，并结合具体案例帮助孩子学习应对策略。
强化策略：
「工具箱谈话」：每次讨论都附带1个具体应对技巧（如幽默反击模板）
榜样案例库：定期讲述本族裔对抗歧视的历史人物故事
谈论歧视如同接种疫苗——适量病原体（事实）+免疫训练（应对）才能产生抗体。完全回避话题只会让孩子在真实遭遇时毫无心理准备。
（最高明的歧视教育，是让孩子既能看见世界的裂痕，又不失去拥抱它的勇气——这需要家长同时担任真相的传递者和希望的守护者。）",,,1
118,4,了解与面对歧视,2,如何教导孩子,4_3,3,您认为谈论歧视对孩子的影响是？,FALSE,1,B,4_3_B,B. 让他们更敏感，反而受伤,"您担心过度关注会带来负面影响。
风险成因：
🔸 过早接触超出认知处理能力的内容（如6岁前详细描述暴力歧视）
🔸 谈话中「威胁感」＞「掌控感」（过度强调危险而非应对）又怕认真探讨会成为“小题大做“。
","可以在保护情绪的同时，提供适度的信息和应对技巧。
修复方案：
情绪容器技术：先问「你准备好讨论这个了吗？」设定安全词暂停
渐进暴露法：
年龄	讨论深度
5-8岁	""有些人因外表不同被不公平对待""
9-12岁	分析广告中的刻板印象
13+	探讨系统性歧视政策
谈论歧视如同接种疫苗——适量病原体（事实）+免疫训练（应对）才能产生抗体。完全回避话题只会让孩子在真实遭遇时毫无心理准备。
（最高明的歧视教育，是让孩子既能看见世界的裂痕，又不失去拥抱它的勇气——这需要家长同时担任真相的传递者和希望的守护者。）
有关社区组织， 如 UCA WAVE ， 可提供更多的帮助。",,,1
119,4,了解与面对歧视,2,如何教导孩子,4_3,3,您认为谈论歧视对孩子的影响是？,FALSE,1,C,4_3_C,C. 影响不大,"您认为讨论不会显著改变孩子的感受。
潜在问题：
❗ 可能反映亲子信任缺失（孩子不愿分享真实感受）
❗ 教育方式抽象化（仅理论讨论缺乏情感连接）","可以观察孩子在面对不公平时的反应，并根据需要调整交流方式。
激活方法：
「生活显微镜」练习：共同分析一周内接触的媒体/人际互动中的隐性歧视
跨种族友谊促进：实证研究显示，拥有3个以上跨种族好友的孩子歧视敏感度提升2倍
谈论歧视如同接种疫苗——适量病原体（事实）+免疫训练（应对）才能产生抗体。完全回避话题只会让孩子在真实遭遇时毫无心理准备。
（最有效的歧视教育，是让孩子既能看见世界的裂痕，又不失去拥抱它的勇气——这需要家长同时担任真相的传递者和希望的守护者。）",,,1
120,4,了解与面对歧视,2,如何教导孩子,4_3,3,您认为谈论歧视对孩子的影响是？,FALSE,1,OTHER,4_3_OTHER,其他,,,,,1
121,4,了解与面对歧视,2,如何教导孩子,4_4,4,“努力学习、不理会歧视”这种应对方式，在现在的环境中是否仍然有效？,FALSE,1,A,4_4_A,有效,"你相信专注自身成长可以超越外界偏见，这种坚韧的态度值得尊重。
很多成功人士正是靠这种‘屏蔽噪音’的方式突破困境，你的观点有现实依据。","同时关注孩子的情绪状态和心理健康可以帮助他们正面应对种族不公平待遇。不过，完全‘不理会’有时会压抑情绪，是否考虑过结合心理调节技巧？
在努力的同时，建立支持系统（如信任的朋友、导师）可能让这条路更可持续。",,,1
122,4,了解与面对歧视,2,如何教导孩子,4_4,4,“努力学习、不理会歧视”这种方法现在还有效吗？,FALSE,1,B,4_4_B,无效,"您清醒地看到了现实的变化和挑战。
你意识到单靠个人努力无法消除系统性偏见，这种清醒的认知很重要。
歧视是真实存在的伤害，要求受害者‘不去理会’本身就不公平。","建议探索新的应对方式，既保护孩子的心理健康，也不放弃追求成功。除了心理调适，是否想过用集体行动对抗歧视？比如参与亚裔权益组织。
将愤怒转化为创造力（写作、艺术等）也是很多人的疗愈方式。",,,1
123,5,为人父母,1,为人父母之感受,5_1,1,做父母时，您最主要的感受是？,FALSE,1,A,5_1_A,A. 喜悦,从养育孩子中获得的幸福感是从其他任何地方都得不到的。孩子的笑容、成长里程碑带来的幸福感，是大脑对亲子联结的本能奖励（催产素分泌）。这种喜悦不需要刻意追求，它是生命延续的自然礼物。,每天记录1个「微小时刻」，强化积极神经回路。与孩子分享这种感受，增进彼此的亲密感。,,,1
124,5,为人父母,1,为人父母之感受,5_1,1,做父母时，您最主要的感受是？,FALSE,1,B,5_1_B,B. 责任,"责任感源于进化本能——人类幼崽极度依赖养育者。感到""重任在肩""说明您认真对待父母角色。","区分「有限责任」与「无限责任」：
✅ 必须提供的：安全、情感回应、基本教育
❌ 不必承担的：孩子每一次情绪的即时满足、所有需求的即时满足
在承担责任的同时，也留出时间享受与孩子的相处。与年龄适当的孩子平静地沟通这些感受，让他们更理解您的心境。",,,1
125,5,为人父母,1,为人父母之感受,5_1,1,做父母时，您最主要的感受是？,FALSE,1,C,5_1_C,C. 负担,"养育儿女是24/7，永远担不完的心。长期睡眠剥夺+决策疲劳（从""吃什么""到""选什么学校""）确实会造成生理性耗竭。这不是自私，而是人类认知资源的客观限制。感到负担，并不否定爱本身。",每周划定2小时「自我充电时间」（哪怕只是泡澡），这不是奢侈，而是养育可持续性的必需。适时寻求帮助，减轻精神和体力负担。与年龄适当的孩子平静地沟通这些感受，让他们更理解您的心境。,,,1
126,5,为人父母,1,为人父母之感受,5_1,1,做父母时，您最主要的感受是？,FALSE,1,OTHER,5_1_OTHER,其他,,,,,1
127,5,为人父母,1,为人父母之感受,5_2,2,现实中的养育是否符合您当父母之前的想象？,FALSE,1,A,5_2_A,A. 完全一致,"仅少数父母（通常有大量育儿实践经验）会感到一致，这反映两种可能：
✅ 高度适应性人格：能快速调整预期适应现实
✅ 养育环境高度可控：如有强力家庭支持系统",保持良好状态，继续享受亲子时光。,,,1
128,5,为人父母,1,为人父母之感受,5_2,2,现实中的养育是否符合您当父母之前的想象？,FALSE,1,B,5_2_B,B. 比想象好,"常见于以下情况：
孩子天生性情温顺/适应力强
父母原本对育儿有灾难化想象（如受恐育言论影响）
产后获得超预期支持（配偶参与度/经济保障）",记录这些幸福瞬间，作为日后鼓励自己的力量。,,,1
129,5,为人父母,1,为人父母之感受,5_2,2,现实中的养育是否符合您当父母之前的想象？,FALSE,1,C,5_2_C,C. 比想象得要困难多了。,"您诚实地阐明了大多数家长面对的育儿的挑战。
神经科学原因：育儿压力激活大脑岛叶（负责痛苦感知），而预期主要依赖前额叶（逻辑推理）
社会文化因素：主流叙事常美化养育，回避讨论孤立感、重复琐碎性等真相
意义：这种「觉醒式痛苦」往往是父母深度成长的催化剂。","情绪要崩时：给自己5分钟暂停。离开一下，深呼吸，没关系。
放过自己：点外卖、衣服堆几天、家里乱一点都可以。生存模式不可耻。
不做完美父母：做到60分就很好，剩下的都是成长空间。
找到同类父母：和阶段相似的家庭聊聊真实感受，你会知道“不是我一个人”。
定期调整期待：每季度和伴侣或自己聊聊，哪些想象该放下，哪些新现实该接纳。
",,,1
130,5,为人父母,2,准备与支持,5_3,3,回顾过去，您觉得自己当父母时准备充分吗？,FALSE,1,A,5_3_A,A. 是,"典型特征：
✅ 系统学习过青春期脑科学（如《青春期的脑》）
✅ 建立弹性规则（如「周末屏幕时间可浮动1小时」）
✅ 拥有「外挂大脑」：定期咨询青少年心理咨询师","升级建议：
开展「反向指导」：邀请孩子教你新事物（如短视频创作），重建平等对话
预防「过度准备」焦虑：接受30%的失控是青春期的正常阈值",,,1
131,5,为人父母,2,准备与支持,5_3,3,回顾过去，您觉得自己当父母时准备充分吗？,FALSE,1,B,5_3_B,B. 否,您的坦诚回应，正是负责任父母的开始。绝大多数家长在某个阶段都会感到‘准备不足’——这恰恰说明您意识到了育儿的深度与严肃性，并且愿意学习和调整。这种‘清醒的不安’，远比‘盲目的自信’更能引领您与孩子共同成长。,"① 学一点脑科学：知道孩子当前阶段为什么这样（如青春期就是爱冒险、情绪化）。
② 用「DEM沟通法」：
D 描述行为（不说教）
E 表达你的感受（不指责）
M 询问他的想法（不打断）
③ 每月只攻一个难关：比如早晨拖延、手机时间，和孩子一起想办法。

“养育孩子最大的回报，不是你塑造了他，而是他重塑了你。”
——那些让你头疼的时刻，正在让你变得更坚韧、更懂爱、更有智慧。",,,1
132,5,为人父母,2,准备与支持,5_4,4,自己作为父母，有足够的支持吗？(请最多选择两项),FALSE,1,A,5_4_A,A. 来自配偶的支持,"黄金标准：
✅ 情感支持（""我懂你的疲惫""）
✅ 操作支持（主动承担固定育儿任务）
✅ 决策支持（重大事项共同商议）
父母在养育孩子的理念和做法上保持一致，这种一致是其他支持无法替代的。",继续保持互相沟通和分担的习惯，让孩子感受到家庭的稳定感。,,,1
133,5,为人父母,2,准备与支持,5_4,4,自己作为父母，有足够的支持吗？(请最多选择两项),FALSE,1,B,5_4_B,B. 来自其他家人的支持,幸运。能从家庭网络得到支持。,"孩子看到这种帮助，可以体会到大家庭的温暖。
代际协作陷阱：
❗ 祖辈介入导致教育理念冲突（如宠溺vs规矩）
❗ 「帮忙」变成「干涉」（如指责妈妈喂养方式）
智慧应对：
设立清晰边界：""我们负责教育，您负责宠爱""
技能转化：将祖辈优势项目化（如「奶奶厨房课」每周1次）",,,1
134,5,为人父母,2,准备与支持,5_4,4,自己作为父母，有足够的支持吗？(请最多选择两项),FALSE,1,C,5_4_C,C. 来自朋友或社区的支持,"远亲不如近邻。
现代养育的救生圈：
🔹 非评判性倾听（比家人更少情感绑架）
🔹 资源互通（ride, dinner club）","加入3个类型不同的社群：
同阶段父母群（即时问题解决）
兴趣社群（如烘焙/徒步，维持自我身份）
专业支持群（如自闭症儿童家长协会）鼓励孩子建立自己的支持网络，增加安全感和幸福感。",,,1
135,5,为人父母,2,准备与支持,5_4,4,自己作为父母，有足够的支持吗？(请最多选择两项),FALSE,1,D,5_4_D,D. 几乎没有支持,坚强。独自承担这么多的责任！,"紧急自救方案：
外包可替代劳动：优先用有限资金购买清洁/做饭服务（时间比金钱稀缺）
建立「虚拟支持」：
✅ 关注「心理学家的育儿笔记」等优质自媒体
✅ 使用AI育儿助手（如ChatGPT制定膳食计划）
微型喘息计划：每天锁定30分钟「绝对自我时间」（如洗澡时听播客）
",,,1
136,5,为人父母,2,准备与支持,5_4,4,自己作为父母，有足够的支持吗？(请最多选择两项),FALSE,1,OTHER,5_4_OTHER,其他,,,,,1
